Year;Country;GDP_per_Capita;NEET_Rate;Employment_Rate;Income_Inequality;Income_Share_Bottom_40;Renewable_Energy_Share;GHG_Emissions_Total
2000;Austria;37880.0;;;;25.0;;
2001;Austria;38230.0;;;;25.0;;
2002;Austria;38610.0;;;;;;
2003;Austria;38880.0;;;4.07;23.2;;
2004;Austria;39620.0;;;3.77;24.0;;
2005;Austria;40270.0;;;3.81;23.8;;
2006;Austria;41370.0;;;3.66;24.2;;
2007;Austria;42790.0;;;3.77;23.9;;
2008;Austria;43270.0;;;4.19;22.8;;
2009;Austria;41620.0;10.0;73.4;4.15;23.0;;
2010;Austria;42280.0;9.5;73.9;4.34;22.6;;
2011;Austria;43370.0;8.9;74.2;4.12;22.8;31.64;
2012;Austria;43450.0;8.6;74.4;4.2;22.8;34.37;
2013;Austria;43080.0;9.0;74.6;4.11;23.1;34.58;
2014;Austria;43070.0;9.7;74.2;4.13;23.0;35.67;77.21516
2015;Austria;43200.0;9.0;74.3;4.05;23.1;34.82;79.35898
2016;Austria;43550.0;9.3;74.8;4.09;23.0;34.63;80.3194
2017;Austria;44260.0;8.8;75.4;4.29;22.7;33.97;82.63536
2018;Austria;45140.0;8.8;76.2;4.04;23.2;34.09;79.44149
2019;Austria;45730.0;8.6;76.8;4.17;22.9;33.99;80.64067
2020;Austria;42650.0;9.9;74.8;4.11;23.2;35.77;74.67879
2021;Austria;44580.0;9.4;75.6;4.0;23.1;36.38;78.07325
2022;Austria;46430.0;9.1;77.3;4.25;22.7;36.88;73.51515
2023;Austria;45670.0;9.4;77.2;4.28;22.8;;68.69592
2024;Austria;45140.0;9.2;77.4;4.34;22.5;;
2000;Belgium;35370.0;;;;23.0;;
2001;Belgium;35640.0;;;;23.0;;
2002;Belgium;36080.0;;;;;;
2003;Belgium;36300.0;;;4.35;22.1;;
2004;Belgium;37440.0;;;3.91;23.3;;
2005;Belgium;38100.0;;;4.04;22.8;;
2006;Belgium;38810.0;;;4.17;22.7;;
2007;Belgium;39950.0;;;3.87;23.2;;
2008;Belgium;39810.0;;;4.06;22.8;;
2009;Belgium;38740.0;12.2;67.1;3.91;23.2;;
2010;Belgium;39420.0;12.3;67.6;3.92;23.2;;
2011;Belgium;39670.0;13.1;67.3;3.86;23.2;6.73;
2012;Belgium;39510.0;13.6;67.2;3.95;23.0;7.7;
2013;Belgium;39440.0;14.1;67.2;3.81;23.3;8.33;
2014;Belgium;39960.0;13.3;67.3;3.81;23.2;9.24;114.50296
2015;Belgium;40310.0;13.6;67.2;3.83;23.2;9.49;118.67012
2016;Belgium;40590.0;12.3;67.7;3.85;23.0;9.33;117.22892
2017;Belgium;41030.0;11.8;68.5;3.84;23.2;9.78;116.6131
2018;Belgium;41610.0;11.4;69.7;3.79;23.3;10.78;117.36547
2019;Belgium;42400.0;11.2;70.5;3.6;23.9;10.35;116.32442
2020;Belgium;40190.0;11.3;69.7;3.63;24.0;12.42;106.96791
2021;Belgium;42530.0;10.1;70.6;3.41;24.6;11.79;109.76429
2022;Belgium;43860.0;9.2;71.9;3.53;24.2;13.14;102.97658
2023;Belgium;44230.0;9.6;72.1;3.39;24.7;;98.22123
2024;Belgium;44460.0;9.9;72.3;3.45;24.4;;
2000;Bulgaria;4160.0;;;;;;
2001;Bulgaria;4460.0;;;;;;
2002;Bulgaria;4750.0;;;;;;
2003;Bulgaria;5020.0;;;;;;
2004;Bulgaria;5380.0;;;;;;
2005;Bulgaria;5790.0;;;;;;
2006;Bulgaria;6220.0;;;5.12;20.6;;
2007;Bulgaria;6670.0;;;6.98;18.2;;
2008;Bulgaria;7110.0;;;6.48;18.2;;
2009;Bulgaria;6910.0;20.9;68.2;5.91;19.2;;
2010;Bulgaria;7060.0;23.5;64.1;5.86;19.5;;
2011;Bulgaria;7390.0;24.7;62.3;6.46;18.4;13.22;
2012;Bulgaria;7530.0;24.7;62.4;6.12;19.2;15.61;
2013;Bulgaria;7600.0;25.8;62.9;6.59;18.5;18.25;
2014;Bulgaria;7770.0;24.0;64.4;6.81;18.4;17.15;57.33386
2015;Bulgaria;8130.0;22.2;66.5;7.11;17.8;17.85;60.49588
2016;Bulgaria;8490.0;22.4;67.0;7.69;17.2;17.71;57.86604
2017;Bulgaria;8840.0;19.0;70.6;8.23;16.5;17.11;59.65782
2018;Bulgaria;9170.0;18.2;71.7;7.66;17.0;19.59;55.29483
2019;Bulgaria;9650.0;16.7;74.3;8.1;16.4;19.3;53.98726
2020;Bulgaria;9440.0;18.1;72.7;8.01;16.6;21.1;47.98531
2021;Bulgaria;10250.0;17.5;73.3;7.45;17.0;20.45;54.10155
2022;Bulgaria;10740.0;14.8;75.9;7.3;17.0;19.82;58.45965
2023;Bulgaria;10950.0;13.8;76.2;6.61;18.0;;45.36492
2024;Bulgaria;11330.0;12.7;76.7;6.96;17.5;;
2000;Croatia;8490.0;;;;;;
2001;Croatia;9100.0;;;;;;
2002;Croatia;9620.0;;;;;;
2003;Croatia;10150.0;;;;;;
2004;Croatia;10570.0;;;;;;
2005;Croatia;11020.0;;;;;;
2006;Croatia;11570.0;;;;;;
2007;Croatia;12160.0;;;;;;
2008;Croatia;12400.0;;;;;;
2009;Croatia;11570.0;14.9;64.2;;;;
2010;Croatia;11440.0;17.6;62.1;5.54;20.0;;
2011;Croatia;11470.0;19.1;59.8;5.58;20.2;27.17;
2012;Croatia;11270.0;19.9;58.1;5.36;20.3;29.41;
2013;Croatia;11340.0;22.1;57.2;5.34;20.4;32.83;
2014;Croatia;11370.0;21.7;59.2;4.91;20.6;33.61;24.29759
2015;Croatia;11760.0;19.8;60.5;5.14;20.3;33.09;24.75426
2016;Croatia;12320.0;19.4;61.3;4.9;20.9;31.83;24.92344
2017;Croatia;12910.0;17.9;63.3;4.97;20.8;29.79;25.77249
2018;Croatia;13460.0;15.5;64.9;5.0;20.9;32.83;24.64599
2019;Croatia;14020.0;14.4;66.4;4.74;21.3;31.61;24.81574
2020;Croatia;12980.0;14.5;66.9;4.59;21.8;32.37;23.8981
2021;Croatia;14750.0;14.9;68.6;4.77;21.3;34.07;24.42855
2022;Croatia;15900.0;13.1;70.2;4.57;21.8;30.63;24.52328
2023;Croatia;16490.0;11.8;70.8;4.91;21.0;;25.41895
2024;Croatia;17060.0;10.6;73.6;4.97;21.0;;
2000;Cyprus;20500.0;;;;;;
2001;Cyprus;21080.0;;;;;;
2002;Cyprus;21610.0;;;;;;
2003;Cyprus;21910.0;;;;;;
2004;Cyprus;22710.0;;;;;;
2005;Cyprus;23470.0;;;4.34;22.1;;
2006;Cyprus;24170.0;;;4.27;22.3;;
2007;Cyprus;24870.0;;;4.44;22.1;;
2008;Cyprus;25140.0;;;4.3;22.2;;
2009;Cyprus;23980.0;11.4;75.5;4.37;22.1;;
2010;Cyprus;23890.0;12.8;75.2;4.54;21.9;;
2011;Cyprus;23390.0;14.8;73.6;4.34;22.2;7.6;
2012;Cyprus;22280.0;17.3;70.4;4.67;21.4;8.6;
2013;Cyprus;20830.0;20.4;67.3;4.91;20.8;9.73;
2014;Cyprus;20490.0;19.5;67.7;5.37;19.9;9.49;8.2791
2015;Cyprus;21140.0;18.5;68.1;5.2;20.1;10.41;8.32588
2016;Cyprus;22410.0;18.0;68.9;4.88;20.7;10.27;8.77007
2017;Cyprus;23500.0;17.5;70.9;4.56;21.4;10.94;8.93554
2018;Cyprus;24690.0;14.9;74.0;4.29;22.1;12.02;8.82581
2019;Cyprus;25790.0;14.8;75.9;4.69;21.4;11.97;8.42426
2020;Cyprus;24630.0;15.2;75.3;4.28;22.2;15.02;8.06981
2021;Cyprus;27030.0;15.0;76.5;4.23;22.3;15.58;8.18503
2022;Cyprus;28730.0;14.4;78.8;4.22;22.2;15.83;8.34285
2023;Cyprus;29200.0;13.9;79.6;4.23;22.2;;8.5035
2024;Cyprus;29870.0;12.9;79.9;4.4;21.9;;
2000;Czechia;13410.0;;;;;;
2001;Czechia;13860.0;;;;;;
2002;Czechia;14110.0;;;;;;
2003;Czechia;14570.0;;;;;;
2004;Czechia;15250.0;;;;;;
2005;Czechia;16180.0;;;3.67;24.2;;
2006;Czechia;17200.0;;;3.53;24.6;;
2007;Czechia;18050.0;;;3.52;24.6;;
2008;Czechia;18330.0;;;3.43;25.0;;
2009;Czechia;17350.0;12.8;70.8;3.47;25.0;;
2010;Czechia;17770.0;13.0;70.3;3.47;24.9;;
2011;Czechia;18120.0;12.2;70.8;3.54;24.7;12.16;
2012;Czechia;17970.0;13.0;71.4;3.49;24.8;12.8;
2013;Czechia;17970.0;12.9;72.4;3.4;25.1;13.95;
2014;Czechia;18370.0;12.2;73.5;3.5;24.8;14.85;126.00264
2015;Czechia;19270.0;11.9;74.7;3.51;24.8;14.83;126.41542
2016;Czechia;19760.0;11.2;76.6;3.5;24.7;14.77;128.43337
2017;Czechia;20760.0;10.0;78.4;3.4;25.0;14.46;129.36362
2018;Czechia;21320.0;9.6;79.8;3.32;25.1;14.71;126.94927
2019;Czechia;22050.0;9.9;80.2;3.34;25.0;15.87;121.5337
2020;Czechia;20980.0;11.1;79.6;3.34;24.9;16.96;112.03299
2021;Czechia;21830.0;11.0;79.9;3.43;24.9;17.16;117.40203
2022;Czechia;21910.0;11.5;81.2;3.48;24.6;17.21;115.00685
2023;Czechia;21680.0;10.1;81.5;3.42;24.8;;102.48664
2024;Czechia;21910.0;8.6;82.2;3.32;25.2;;
2000;Denmark;47150.0;;;;;;
2001;Denmark;47430.0;;;;;;
2002;Denmark;47490.0;;;;;;
2003;Denmark;47570.0;;;3.58;24.6;;
2004;Denmark;48770.0;;;3.42;25.1;;
2005;Denmark;49780.0;;;3.5;24.7;;
2006;Denmark;51510.0;;;3.44;24.9;;
2007;Denmark;51790.0;;;3.73;24.2;;
2008;Denmark;51270.0;;;3.63;24.4;;
2009;Denmark;48460.0;7.4;76.1;4.61;22.9;;
2010;Denmark;49010.0;8.2;74.9;4.41;23.0;;
2011;Denmark;49440.0;8.4;74.8;3.98;23.5;23.83;
2012;Denmark;49260.0;9.0;74.3;3.94;23.6;26.93;
2013;Denmark;49750.0;8.2;74.3;4.01;23.5;27.05;
2014;Denmark;50110.0;8.0;74.7;4.12;23.2;30.19;53.34363
2015;Denmark;50810.0;8.5;75.4;4.08;23.2;32.53;50.59963
2016;Denmark;51950.0;8.4;76.0;4.06;23.2;31.95;52.59637
2017;Denmark;53200.0;9.8;76.6;4.08;23.3;35.02;50.23582
2018;Denmark;53920.0;9.6;77.4;4.11;23.2;34.56;50.07453
2019;Denmark;54630.0;9.6;78.3;4.09;23.2;37.25;46.10571
2020;Denmark;53540.0;10.2;77.8;4.0;23.4;39.37;43.47568
2021;Denmark;56780.0;8.4;79.0;3.93;23.5;39.23;44.38287
2022;Denmark;56530.0;7.9;80.1;4.03;23.3;38.79;42.78103
2023;Denmark;56470.0;8.6;79.8;4.15;23.1;;39.28582
2024;Denmark;58160.0;8.0;80.2;4.16;23.1;;
2000;Estonia;10480.0;;;;;;
2001;Estonia;11160.0;;;;;;
2002;Estonia;12020.0;;;;;;
2003;Estonia;13010.0;;;;;;
2004;Estonia;13980.0;;;7.2;17.6;;
2005;Estonia;15400.0;;;5.93;19.2;;
2006;Estonia;17010.0;;;5.51;19.8;;
2007;Estonia;18400.0;;;5.54;19.7;;
2008;Estonia;17510.0;;;4.99;20.6;;
2009;Estonia;14980.0;17.7;70.5;5.01;20.4;;
2010;Estonia;15380.0;17.1;67.6;5.01;20.6;;
2011;Estonia;16590.0;14.1;71.0;5.35;20.2;25.16;
2012;Estonia;17260.0;14.1;73.1;5.41;19.8;24.96;
2013;Estonia;17630.0;13.6;74.2;5.54;19.7;24.47;
2014;Estonia;18280.0;13.2;75.1;6.48;18.0;25.29;20.98727
2015;Estonia;18650.0;12.4;76.8;6.21;18.5;28.17;17.92095
2016;Estonia;19190.0;13.4;77.1;5.56;19.2;27.23;19.53923
2017;Estonia;20270.0;10.5;79.2;5.42;19.6;27.52;20.76706
2018;Estonia;20970.0;11.5;79.8;5.07;20.1;28.56;19.95558
2019;Estonia;21650.0;9.7;80.5;5.08;20.2;31.21;14.51246
2020;Estonia;20960.0;11.1;79.1;5.03;20.4;40.28;11.33732
2021;Estonia;22670.0;11.2;79.3;5.03;20.4;37.77;12.56818
2022;Estonia;22370.0;10.6;81.9;5.39;19.5;37.01;14.14911
2023;Estonia;21210.0;9.6;82.1;5.37;19.5;;10.86246
2024;Estonia;21060.0;11.0;81.8;5.03;20.4;;
2000;Finland;36230.0;;;;25.0;;
2001;Finland;37100.0;;;;25.0;;
2002;Finland;37630.0;;;;;;
2003;Finland;38300.0;;;;;;
2004;Finland;39720.0;;;3.54;24.3;;
2005;Finland;40680.0;;;3.64;24.1;;
2006;Finland;42150.0;;;3.64;24.1;;
2007;Finland;44210.0;;;3.71;23.9;;
2008;Finland;44350.0;;;3.76;23.6;;
2009;Finland;40570.0;10.8;72.6;3.71;23.9;;
2010;Finland;41660.0;10.0;71.9;3.61;24.2;;
2011;Finland;42460.0;9.6;72.7;3.69;23.9;35.12;
2012;Finland;41620.0;9.9;73.0;3.69;23.9;38.7;
2013;Finland;41020.0;10.4;72.5;3.59;24.2;38.52;
2014;Finland;40650.0;11.2;72.2;3.62;24.0;41.25;58.65111
2015;Finland;40700.0;11.8;71.8;3.56;24.2;43.23;55.07572
2016;Finland;41640.0;11.2;72.4;3.58;24.2;42.37;57.94965
2017;Finland;42910.0;10.4;73.2;3.54;24.4;44.35;55.07374
2018;Finland;43360.0;9.6;75.3;3.65;24.0;44.25;56.1213
2019;Finland;43910.0;9.1;76.2;3.69;23.8;45.39;52.72854
2020;Finland;42740.0;9.8;75.5;3.72;23.7;47.3;47.76958
2021;Finland;43800.0;9.2;76.8;3.58;24.2;50.17;47.80341
2022;Finland;44010.0;9.3;78.4;3.75;23.7;49.59;45.69738
2023;Finland;43440.0;9.2;78.2;3.78;23.7;;41.10349
2024;Finland;43280.0;9.8;77.0;3.73;23.8;;
2000;France;32030.0;;;;23.0;;
2001;France;32400.0;;;;23.0;;
2002;France;32510.0;;;;;;
2003;France;32600.0;10.6;;;;;
2004;France;33300.0;10.8;;4.16;22.8;;
2005;France;33680.0;10.9;;4.02;23.0;;
2006;France;34360.0;10.9;;3.98;23.2;;
2007;France;35010.0;10.6;;3.88;23.5;;
2008;France;34960.0;10.4;;4.4;22.4;;
2009;France;33800.0;12.0;69.9;4.42;22.3;;
2010;France;34310.0;12.1;69.7;4.43;22.2;;
2011;France;34990.0;12.0;69.6;4.61;21.9;10.68;
2012;France;34880.0;12.4;69.8;4.54;22.0;12.4;
2013;France;34990.0;13.0;69.8;4.48;22.2;13.45;
2014;France;35150.0;13.4;70.0;4.27;22.6;13.25;456.77804
2015;France;35370.0;13.9;70.3;4.29;22.6;13.41;460.10006
2016;France;35540.0;13.6;70.7;4.32;22.6;14.36;462.54004
2017;France;36140.0;13.2;71.4;4.31;22.7;14.18;465.0541
2018;France;36570.0;12.9;72.1;4.23;22.9;15.34;445.75797
2019;France;37160.0;12.4;72.3;4.27;22.7;15.68;436.0623
2020;France;34280.0;13.4;72.1;4.42;22.3;16.89;396.07561
2021;France;36470.0;12.8;73.3;4.41;22.4;16.38;419.75637
2022;France;37320.0;12.0;74.1;4.6;22.0;17.02;403.44494
2023;France;37760.0;12.3;74.4;4.63;21.9;;376.39688
2024;France;38110.0;12.5;75.1;4.66;21.8;;
2000;Germany;34690.0;;;;25.0;;
2001;Germany;35240.0;;;;25.0;;
2002;Germany;35130.0;;;;;;
2003;Germany;34960.0;;;;;;
2004;Germany;35400.0;;;;;;
2005;Germany;35770.0;;;3.79;24.1;;
2006;Germany;37230.0;;;4.06;23.6;;
2007;Germany;38390.0;;;4.93;21.5;;
2008;Germany;38840.0;;;4.76;21.7;;
2009;Germany;36810.0;12.5;73.2;4.48;22.1;;
2010;Germany;38430.0;11.9;74.0;4.49;22.0;;
2011;Germany;39880.0;10.7;75.4;4.46;22.1;12.54;
2012;Germany;40010.0;10.2;75.8;4.3;22.3;13.64;
2013;Germany;40100.0;9.6;76.3;4.6;21.8;13.63;
2014;Germany;40850.0;9.5;76.7;5.12;21.0;14.02;893.54949
2015;Germany;41230.0;9.3;77.0;4.8;21.4;14.55;901.826
2016;Germany;41880.0;9.8;77.6;4.62;21.7;14.24;897.28723
2017;Germany;42960.0;9.4;78.2;4.49;22.0;15.22;882.23205
2018;Germany;43390.0;8.8;78.9;5.07;21.2;16.04;852.85834
2019;Germany;43790.0;8.4;79.7;4.89;21.7;17.07;798.04805
2020;Germany;42020.0;10.1;78.3;4.87;21.3;18.52;732.99334
2021;Germany;43730.0;9.3;79.6;4.98;21.0;17.94;761.42676
2022;Germany;44230.0;8.7;80.8;4.38;22.1;19.56;748.79271
2023;Germany;43450.0;8.8;81.1;4.44;22.1;;672.02032
2024;Germany;43110.0;8.7;81.3;4.49;22.0;;
2000;Greece;16120.0;;;;19.0;;
2001;Greece;16780.0;;;;19.0;;
2002;Greece;17510.0;;;;;;
2003;Greece;18480.0;;;6.38;18.7;;
2004;Greece;19420.0;;;5.92;19.3;;
2005;Greece;19590.0;;;5.79;19.6;;
2006;Greece;20790.0;;;6.05;19.0;;
2007;Greece;21470.0;;;6.01;19.1;;
2008;Greece;21420.0;;;5.89;19.5;;
2009;Greece;20490.0;15.5;65.5;5.76;19.8;;
2010;Greece;19300.0;18.2;63.6;5.61;19.8;;
2011;Greece;17420.0;22.7;59.4;5.96;19.2;11.38;
2012;Greece;16050.0;26.4;54.6;6.63;18.5;14.17;
2013;Greece;15800.0;28.1;52.6;6.6;18.5;16.61;
2014;Greece;16030.0;26.3;53.2;6.46;18.7;16.41;99.93725
2015;Greece;16100.0;23.8;54.9;6.51;18.7;17.47;96.07275
2016;Greece;16160.0;21.9;55.9;6.55;18.7;16.42;92.39752
2017;Greece;16430.0;21.0;57.5;6.11;19.4;16.4;96.24621
2018;Greece;16810.0;19.2;59.1;5.51;20.2;17.87;93.01074
2019;Greece;17210.0;17.5;60.8;5.11;20.7;18.54;86.30612
2020;Greece;15660.0;18.5;58.4;5.23;20.5;20.09;75.87408
2021;Greece;17110.0;17.2;62.6;5.79;19.9;21.48;78.01311
2022;Greece;18160.0;15.3;66.4;5.2;20.5;21.01;77.76987
2023;Greece;18600.0;15.9;67.5;5.28;20.7;;71.93467
2024;Greece;19020.0;14.2;69.3;5.27;20.7;;
2000;Hungary;8800.0;;;;;;
2001;Hungary;9180.0;;;;;;
2002;Hungary;9640.0;;;;;;
2003;Hungary;10050.0;;;;;;
2004;Hungary;10570.0;;;;;;
2005;Hungary;11050.0;;;4.04;23.2;;
2006;Hungary;11500.0;;;5.48;20.5;;
2007;Hungary;11550.0;;;3.67;24.2;;
2008;Hungary;11690.0;;;3.6;24.4;;
2009;Hungary;10920.0;15.5;62.5;3.51;24.6;;
2010;Hungary;11060.0;15.6;62.3;3.41;24.8;;
2011;Hungary;11300.0;15.5;62.8;3.94;23.2;14.74;
2012;Hungary;11220.0;16.9;63.8;4.0;23.2;16.47;
2013;Hungary;11490.0;16.7;65.2;4.29;22.6;17.18;
2014;Hungary;12040.0;14.7;68.8;4.33;22.5;15.72;59.22292
2015;Hungary;12530.0;13.2;71.0;4.3;22.4;15.6;62.40266
2016;Hungary;12880.0;12.0;73.7;4.26;22.5;15.34;63.0329
2017;Hungary;13460.0;11.3;75.4;4.27;22.5;14.55;65.21993
2018;Hungary;14240.0;10.7;76.8;4.35;22.4;13.6;65.17739
2019;Hungary;14980.0;11.0;77.7;4.23;23.4;13.64;64.93476
2020;Hungary;14370.0;12.5;77.6;4.24;23.1;14.76;62.93877
2021;Hungary;15470.0;11.7;78.9;4.16;23.2;15.27;64.01681
2022;Hungary;16160.0;10.8;80.3;4.16;23.4;16.41;59.72797
2023;Hungary;16050.0;11.0;80.7;4.43;23.2;;54.31259
2024;Hungary;16190.0;10.9;81.1;4.39;23.1;;
2000;Ireland;39880.0;;;;21.0;;
2001;Ireland;41350.0;;;;21.0;;
2002;Ireland;43030.0;;;;;;
2003;Ireland;43600.0;;;4.95;20.8;;
2004;Ireland;45760.0;;;4.94;20.5;;
2005;Ireland;47310.0;;;5.01;20.4;;
2006;Ireland;48390.0;;;4.86;20.6;;
2007;Ireland;49450.0;;;4.82;20.8;;
2008;Ireland;46230.0;;;4.43;21.6;;
2009;Ireland;43450.0;20.2;68.0;4.24;22.0;;
2010;Ireland;43990.0;21.7;65.5;4.7;21.2;;
2011;Ireland;44510.0;22.4;64.5;4.63;21.5;6.96;
2012;Ireland;44150.0;21.6;64.5;4.82;21.2;6.9;
2013;Ireland;44890.0;18.8;66.5;4.73;21.1;7.71;
2014;Ireland;48770.0;17.8;68.2;4.9;20.9;8.78;58.0949
2015;Ireland;60210.0;16.5;69.9;4.5;21.6;9.52;60.42635
2016;Ireland;60220.0;14.5;71.4;4.45;21.6;8.61;62.71519
2017;Ireland;65370.0;12.8;73.0;4.63;21.3;10.11;61.94062
2018;Ireland;69390.0;11.6;74.0;4.23;22.3;10.82;61.59539
2019;Ireland;71720.0;11.4;75.0;4.02;22.8;12.33;59.77293
2020;Ireland;75820.0;14.1;72.1;3.92;23.1;13.67;57.61866
2021;Ireland;87160.0;9.7;74.9;3.75;23.5;12.59;60.22768
2022;Ireland;91760.0;8.6;78.3;3.81;23.3;13.89;58.96044
2023;Ireland;87810.0;8.5;79.2;3.86;23.4;;54.93435
2024;Ireland;88600.0;7.6;79.8;3.74;23.7;;
2000;Italy;31090.0;;;;22.0;;
2001;Italy;31690.0;;;;21.0;;
2002;Italy;31720.0;;;;;;
2003;Italy;31570.0;;;;;;
2004;Italy;31790.0;;;5.62;19.9;;
2005;Italy;31850.0;;;5.57;20.0;;
2006;Italy;32290.0;;;5.45;20.1;;
2007;Italy;32570.0;;;5.42;20.1;;
2008;Italy;31990.0;;;5.21;20.5;;
2009;Italy;30110.0;20.7;61.2;5.31;20.3;;
2010;Italy;30440.0;22.2;60.5;5.38;20.2;;
2011;Italy;30550.0;22.7;60.6;5.73;19.9;11.9;
2012;Italy;29510.0;24.0;60.3;5.64;19.9;14.39;
2013;Italy;28920.0;26.2;59.2;5.85;19.7;16.32;
2014;Italy;28910.0;26.3;59.5;5.78;19.8;17.13;432.86146
2015;Italy;29210.0;25.8;60.3;5.84;19.7;16.57;443.41422
2016;Italy;29630.0;24.5;61.5;6.27;19.1;16.09;439.99819
2017;Italy;30160.0;24.3;62.3;5.92;19.5;16.43;433.20775
2018;Italy;30470.0;23.6;63.0;6.09;19.3;17.08;429.15501
2019;Italy;30680.0;22.4;63.6;6.01;19.5;17.27;417.36168
2020;Italy;28100.0;23.5;61.9;5.75;19.7;18.69;379.96336
2021;Italy;30760.0;23.1;62.8;5.86;19.6;17.53;412.15202
2022;Italy;32310.0;19.1;64.8;5.62;19.8;16.32;412.92768
2023;Italy;32640.0;16.1;66.3;5.27;20.4;;384.74178
2024;Italy;32890.0;15.2;67.1;5.53;20.1;;
2000;Latvia;6540.0;;;;;;
2001;Latvia;7050.0;;;;;;
2002;Latvia;7680.0;;;;;;
2003;Latvia;8410.0;;;;;;
2004;Latvia;9240.0;;;;;;
2005;Latvia;10430.0;;;6.69;18.3;;
2006;Latvia;11870.0;;;7.76;16.7;;
2007;Latvia;13220.0;;;6.37;18.3;;
2008;Latvia;12900.0;;;7.27;16.9;;
2009;Latvia;11020.0;20.8;66.3;7.4;16.7;;
2010;Latvia;10840.0;20.7;63.9;6.84;17.9;;
2011;Latvia;11380.0;19.1;66.1;6.5;18.5;35.54;
2012;Latvia;12360.0;17.2;68.0;6.47;18.4;40.37;
2013;Latvia;12750.0;15.6;69.6;6.32;18.4;39.6;
2014;Latvia;13140.0;15.2;70.6;6.48;18.3;40.24;10.73548
2015;Latvia;13750.0;13.8;72.5;6.51;18.1;38.1;10.77139
2016;Latvia;14230.0;13.3;73.1;6.2;18.6;38.48;10.76332
2017;Latvia;14850.0;12.3;74.7;6.3;18.3;42.6;10.80336
2018;Latvia;15610.0;11.6;76.8;6.78;17.9;40.97;11.27555
2019;Latvia;15820.0;10.3;77.3;6.54;18.3;41.48;11.13986
2020;Latvia;15370.0;11.9;76.9;6.27;18.8;43.75;10.5073
2021;Latvia;16580.0;12.1;75.3;6.63;18.1;43.99;10.72528
2022;Latvia;16890.0;11.3;77.0;6.33;18.7;47.23;10.11756
2023;Latvia;16770.0;10.0;77.5;6.2;18.8;;9.98066
2024;Latvia;16910.0;10.7;77.4;6.28;18.8;;
2000;Lithuania;6550.0;;;;;;
2001;Lithuania;7030.0;;;;;;
2002;Lithuania;7560.0;;;;;;
2003;Lithuania;8430.0;;;;;;
2004;Lithuania;9080.0;;;;;;
2005;Lithuania;9940.0;;;6.95;18.0;;
2006;Lithuania;10850.0;;;6.34;18.7;;
2007;Lithuania;12190.0;;;5.91;19.4;;
2008;Lithuania;12640.0;;;6.11;18.8;;
2009;Lithuania;10880.0;15.0;67.0;6.39;18.5;;
2010;Lithuania;11160.0;16.9;64.3;7.35;17.7;;
2011;Lithuania;12140.0;14.6;66.9;5.84;19.4;22.74;
2012;Lithuania;12830.0;13.9;68.5;5.32;20.0;23.92;
2013;Lithuania;13480.0;13.7;69.9;6.05;18.9;26.34;
2014;Lithuania;14100.0;12.9;71.8;6.1;18.9;27.73;19.37549
2015;Lithuania;14630.0;11.8;73.4;7.46;17.3;28.96;19.68419
2016;Lithuania;15200.0;10.7;75.2;7.06;17.5;31.47;19.73753
2017;Lithuania;16090.0;10.3;76.0;7.28;17.2;33.78;19.86211
2018;Lithuania;17030.0;9.3;77.8;7.09;17.5;33.73;19.51923
2019;Lithuania;17870.0;10.9;78.2;6.44;18.2;33.54;19.7262
2020;Lithuania;17890.0;13.0;76.7;6.14;18.7;31.7;19.60955
2021;Lithuania;19040.0;12.7;77.4;6.14;18.8;33.22;19.76081
2022;Lithuania;19350.0;10.7;79.0;6.39;18.4;35.8;18.43247
2023;Lithuania;19220.0;13.5;78.5;6.32;18.5;;17.88831
2024;Lithuania;19690.0;14.7;79.2;6.54;18.3;;
2000;Luxembourg;89780.0;;;;24.0;;
2001;Luxembourg;91520.0;;;;24.0;;
2002;Luxembourg;93460.0;;;;;;
2003;Luxembourg;94720.0;;;4.06;23.3;;
2004;Luxembourg;97380.0;;;3.92;23.5;;
2005;Luxembourg;98260.0;;;3.87;23.5;;
2006;Luxembourg;102580.0;;;4.18;22.9;;
2007;Luxembourg;109090.0;;;4.02;23.0;;
2008;Luxembourg;106870.0;;;4.11;23.1;;
2009;Luxembourg;101540.0;7.5;70.3;4.31;22.2;;
2010;Luxembourg;103430.0;6.1;70.6;4.1;22.5;;
2011;Luxembourg;102110.0;6.6;70.0;3.97;22.8;3.76;
2012;Luxembourg;101440.0;7.6;71.3;4.13;22.4;4.15;
2013;Luxembourg;102010.0;7.2;71.0;4.59;21.4;5.71;
2014;Luxembourg;102240.0;6.5;72.0;4.42;22.1;6.85;10.809
2015;Luxembourg;102530.0;7.6;70.9;4.26;22.4;9.09;10.33702
2016;Luxembourg;104920.0;6.8;70.6;4.62;21.7;13.5;10.10198
2017;Luxembourg;104020.0;6.6;71.5;4.56;21.7;15.32;10.2839
2018;Luxembourg;103640.0;7.5;72.0;5.18;20.6;16.05;10.58545
2019;Luxembourg;104310.0;6.5;72.7;5.34;20.4;16.45;10.75258
2020;Luxembourg;102190.0;7.7;72.1;4.99;20.6;20.76;9.0633
2021;Luxembourg;107570.0;8.8;74.0;4.59;21.2;20.52;9.4044
2022;Luxembourg;104100.0;6.8;74.8;4.51;21.5;23.5;8.21429
2023;Luxembourg;102250.0;8.5;74.8;4.79;20.9;;7.76889
2024;Luxembourg;101000.0;9.8;74.2;4.68;21.1;;
2000;Malta;17350.0;;;;;;
2001;Malta;16910.0;;;;;;
2002;Malta;17250.0;;;;;;
2003;Malta;17770.0;;;;;;
2004;Malta;17720.0;;;;;;
2005;Malta;18120.0;;;3.95;22.8;;
2006;Malta;18480.0;;;4.03;22.9;;
2007;Malta;19340.0;;;3.89;23.2;;
2008;Malta;20060.0;;;4.26;22.2;;
2009;Malta;19630.0;12.6;58.8;3.99;22.7;;
2010;Malta;20750.0;12.2;60.0;4.33;22.2;;
2011;Malta;20860.0;12.1;61.5;4.01;22.8;1.97;
2012;Malta;21540.0;12.0;63.8;3.94;22.9;2.67;
2013;Malta;22600.0;10.9;66.1;4.14;22.4;3.24;
2014;Malta;23840.0;11.7;67.8;4.05;22.5;4.48;2.8458
2015;Malta;25520.0;11.9;68.8;4.15;22.3;5.98;2.1467
2016;Malta;25960.0;9.5;70.9;4.22;22.2;9.24;1.85173
2017;Malta;28530.0;8.8;72.8;4.21;22.3;7.27;2.01718
2018;Malta;29510.0;7.5;74.5;4.28;22.1;7.56;2.01842
2019;Malta;29480.0;8.6;75.1;4.18;22.3;7.43;2.12694
2020;Malta;27870.0;9.8;75.6;4.69;21.6;9.21;2.08626
2021;Malta;31430.0;10.6;77.4;5.03;20.9;8.31;2.10049
2022;Malta;31380.0;7.6;79.7;4.75;21.3;8.42;2.25967
2023;Malta;33360.0;7.6;80.9;5.3;20.1;;2.24593
2024;Malta;34650.0;7.2;82.5;4.87;20.8;;
2000;Netherlands;40430.0;;;;25.0;;
2001;Netherlands;41060.0;;;;23.0;;
2002;Netherlands;40890.0;;;;;;
2003;Netherlands;40740.0;;;;;;
2004;Netherlands;41420.0;;;;;;
2005;Netherlands;42160.0;;;3.99;23.5;;
2006;Netherlands;43590.0;;;3.82;23.9;;
2007;Netherlands;45180.0;;;3.97;23.4;;
2008;Netherlands;45960.0;;;4.01;23.5;;
2009;Netherlands;44050.0;6.5;77.6;3.97;23.5;;
2010;Netherlands;44400.0;6.8;77.0;3.65;24.2;;
2011;Netherlands;44980.0;6.5;77.2;3.75;24.0;4.69;
2012;Netherlands;44370.0;7.2;77.4;3.61;24.4;4.9;
2013;Netherlands;44230.0;8.2;76.7;3.58;24.4;4.96;
2014;Netherlands;44780.0;8.2;76.3;3.83;23.8;5.57;187.54917
2015;Netherlands;45530.0;7.3;77.2;3.82;23.7;5.77;194.64641
2016;Netherlands;46380.0;7.0;77.9;3.93;23.3;5.63;195.24841
2017;Netherlands;47390.0;6.6;78.9;3.99;23.2;6.4;192.53618
2018;Netherlands;48180.0;6.3;80.0;4.05;23.1;7.43;187.37183
2019;Netherlands;48970.0;6.3;81.0;3.94;23.4;8.59;181.54428
2020;Netherlands;46810.0;6.3;80.8;4.15;22.9;10.7;164.97823
2021;Netherlands;49490.0;3.9;81.6;3.88;23.4;12.2;167.21094
2022;Netherlands;51480.0;4.2;82.9;3.94;23.2;14.38;153.55284
2023;Netherlands;50660.0;4.7;83.5;3.87;23.5;;142.63653
2024;Netherlands;50880.0;4.9;83.5;3.72;23.9;;
2000;Norway;54080.0;;;;;;
2001;Norway;54920.0;;;;;;
2002;Norway;55380.0;;;;;;
2003;Norway;55570.0;;;3.76;24.4;;
2004;Norway;57460.0;;;3.59;24.8;;
2005;Norway;58610.0;;;4.05;23.7;;
2006;Norway;59560.0;;;4.84;22.9;;
2007;Norway;60670.0;;;3.54;25.0;;
2008;Norway;60210.0;;;3.73;24.6;;
2009;Norway;58300.0;7.4;80.9;3.51;24.9;;
2010;Norway;58030.0;7.9;80.0;3.42;25.2;;
2011;Norway;57920.0;7.8;80.4;3.28;25.6;55.98;
2012;Norway;58710.0;7.6;80.4;3.21;25.8;56.94;
2013;Norway;58590.0;8.3;80.2;3.25;25.6;56.6;
2014;Norway;59130.0;8.4;80.1;3.41;25.3;55.74;53.8757
2015;Norway;59610.0;8.3;79.7;3.5;25.0;56.54;54.40785
2016;Norway;59780.0;8.4;79.4;3.69;24.5;57.68;53.52255
2017;Norway;60780.0;7.7;79.1;3.9;24.0;58.85;52.83579
2018;Norway;60880.0;7.7;80.0;3.71;24.3;58.92;52.98618
2019;Norway;61150.0;7.5;80.2;3.81;24.2;59.72;51.21868
2020;Norway;60020.0;7.8;79.6;3.78;24.2;60.82;49.52145
2021;Norway;62030.0;7.4;79.9;3.87;24.0;61.67;49.37225
2022;Norway;63470.0;6.8;80.9;4.11;23.6;60.26;48.98562
2023;Norway;62790.0;6.4;80.3;3.63;24.6;;46.6752
2024;Norway;63500.0;6.8;80.0;3.62;24.7;;
2000;Poland;6950.0;;;;;;
2001;Poland;7040.0;;;;;;
2002;Poland;7180.0;;;;;;
2003;Poland;7440.0;;;;;;
2004;Poland;7820.0;;;;;;
2005;Poland;8080.0;;;6.64;18.5;;
2006;Poland;8590.0;;;5.65;19.6;;
2007;Poland;9170.0;;;5.26;20.4;;
2008;Poland;9570.0;;;5.12;20.6;;
2009;Poland;9810.0;14.3;62.7;4.97;20.9;;
2010;Poland;10150.0;14.9;62.2;4.98;20.9;;
2011;Poland;10680.0;15.5;62.5;4.95;20.9;10.44;
2012;Poland;10840.0;15.9;62.9;4.92;20.9;10.91;
2013;Poland;10930.0;16.5;63.2;4.88;21.1;11.41;
2014;Poland;11360.0;15.8;65.0;4.91;21.0;11.58;380.43532
2015;Poland;11870.0;14.9;66.4;4.92;21.1;11.87;383.03467
2016;Poland;12240.0;14.0;68.2;4.76;21.3;11.34;393.85067
2017;Poland;12870.0;13.1;70.0;4.56;22.1;11.13;408.46181
2018;Poland;13680.0;12.3;71.4;4.25;22.6;15.05;408.49635
2019;Poland;14310.0;11.5;72.6;4.37;22.3;15.62;386.17758
2020;Poland;14310.0;12.5;72.8;4.07;22.9;16.14;371.25856
2021;Poland;15380.0;13.2;75.5;4.03;23.1;15.19;399.2629
2022;Poland;15840.0;10.7;76.7;3.91;23.5;16.35;380.84445
2023;Poland;15950.0;9.2;77.9;4.06;23.2;;348.43637
2024;Poland;16470.0;9.4;78.3;3.85;23.6;;
2000;Portugal;18580.0;;;;19.0;;
2001;Portugal;18810.0;;;;18.0;;
2002;Portugal;18850.0;;;;;;
2003;Portugal;18600.0;;;;;;
2004;Portugal;18890.0;;;6.96;17.8;;
2005;Portugal;19000.0;;;6.96;17.9;;
2006;Portugal;19280.0;;;6.73;18.3;;
2007;Portugal;19720.0;;;6.47;18.4;;
2008;Portugal;19760.0;;;6.11;18.8;;
2009;Portugal;19120.0;12.6;67.7;6.01;19.2;;
2010;Portugal;19440.0;13.3;67.0;5.56;19.7;;
2011;Portugal;19110.0;13.9;66.7;5.68;19.6;27.22;
2012;Portugal;18410.0;15.6;64.1;5.82;19.6;25.52;
2013;Portugal;18330.0;16.5;63.4;6.01;19.4;30.17;
2014;Portugal;18560.0;14.6;66.1;6.23;19.0;30.46;63.41007
2015;Portugal;18920.0;13.1;68.0;6.01;19.4;27.2;67.59192
2016;Portugal;19350.0;12.7;69.6;5.88;19.4;29.0;65.74332
2017;Portugal;20020.0;10.6;72.5;5.75;19.9;24.42;70.88785
2018;Portugal;20620.0;9.5;74.7;5.22;20.5;27.47;67.17157
2019;Portugal;21150.0;9.1;75.5;5.16;20.7;28.19;63.60505
2020;Portugal;19360.0;11.0;74.0;4.99;21.0;31.33;57.49665
2021;Portugal;20390.0;9.7;75.5;5.66;20.0;32.35;56.17358
2022;Portugal;21690.0;8.5;77.2;5.13;20.9;31.45;56.40363
2023;Portugal;22130.0;8.9;78.1;5.6;19.9;;53.24953
2024;Portugal;22350.0;8.7;78.5;5.2;20.7;;
2000;Romania;4810.0;;;;;;
2001;Romania;5060.0;;;;;;
2002;Romania;5530.0;;;;;;
2003;Romania;5690.0;;;;;;
2004;Romania;6320.0;;;;;;
2005;Romania;6650.0;;;;;;
2006;Romania;7230.0;;;;;;
2007;Romania;7870.0;;;8.11;16.5;;
2008;Romania;8740.0;;;7.0;17.8;;
2009;Romania;8330.0;18.0;53.9;6.53;18.5;;
2010;Romania;8050.0;24.3;56.3;6.11;19.0;;
2011;Romania;8460.0;24.4;56.0;6.24;18.8;21.09;
2012;Romania;8660.0;24.3;56.8;6.6;18.4;21.53;
2013;Romania;8710.0;24.6;56.8;6.83;18.1;23.07;
2014;Romania;9100.0;24.9;58.0;7.24;17.6;24.31;118.11056
2015;Romania;9430.0;25.9;59.2;8.32;16.8;23.67;116.8021
2016;Romania;9760.0;24.4;60.3;7.2;17.5;24.4;114.8391
2017;Romania;10620.0;22.2;62.7;6.45;18.6;23.35;117.80406
2018;Romania;11260.0;21.4;63.8;7.21;17.6;23.03;118.54509
2019;Romania;11760.0;21.0;65.0;7.08;17.8;23.54;115.31193
2020;Romania;11390.0;20.7;65.1;6.62;18.3;24.06;111.52122
2021;Romania;12130.0;20.4;67.0;7.1;17.9;23.59;115.375
2022;Romania;12690.0;19.9;68.4;6.0;19.4;23.5;109.66726
2023;Romania;12970.0;19.4;68.7;5.83;19.8;;103.86245
2024;Romania;13100.0;19.5;69.4;4.62;21.8;;
2000;Slovakia;8730.0;;;;;;
2001;Slovakia;9020.0;;;;;;
2002;Slovakia;9420.0;;;;;;
2003;Slovakia;9880.0;;;;;;
2004;Slovakia;10410.0;;;;;;
2005;Slovakia;11070.0;;;3.92;23.8;;
2006;Slovakia;12050.0;;;4.06;23.5;;
2007;Slovakia;13340.0;;;3.48;24.9;;
2008;Slovakia;14030.0;;;3.36;25.1;;
2009;Slovakia;13230.0;16.5;68.3;3.56;24.6;;
2010;Slovakia;14100.0;18.2;66.5;3.8;23.9;;
2011;Slovakia;14540.0;18.0;66.8;3.81;24.0;16.13;
2012;Slovakia;14750.0;18.0;66.9;3.73;23.9;17.18;
2013;Slovakia;14830.0;18.3;66.9;3.58;24.5;16.76;
2014;Slovakia;15220.0;17.5;67.8;3.93;23.8;15.8;39.6885
2015;Slovakia;16000.0;16.4;69.6;3.54;24.8;18.7;40.4556
2016;Slovakia;16280.0;15.1;71.8;3.63;24.5;18.85;41.00656
2017;Slovakia;16730.0;15.2;73.2;3.49;25.0;17.69;42.14651
2018;Slovakia;17380.0;13.8;74.5;3.03;26.2;16.52;42.00485
2019;Slovakia;17760.0;13.7;75.6;3.34;25.1;17.59;39.65993
2020;Slovakia;17270.0;14.4;74.6;3.03;26.1;17.64;36.95776
2021;Slovakia;18320.0;14.3;74.6;3.2;25.5;17.89;40.92057
2022;Slovakia;18360.0;12.3;76.7;3.12;26.0;17.22;36.88044
2023;Slovakia;18750.0;11.2;77.5;3.63;25.6;;36.11474
2024;Slovakia;19110.0;10.7;78.1;3.28;25.7;;
2000;Slovenia;15730.0;;;;;;
2001;Slovenia;16160.0;;;;;;
2002;Slovenia;16660.0;;;;;;
2003;Slovenia;17180.0;;;;;;
2004;Slovenia;17950.0;;;;;;
2005;Slovenia;18610.0;;;3.43;25.0;;
2006;Slovenia;19640.0;;;3.39;25.0;;
2007;Slovenia;20930.0;;;3.31;25.3;;
2008;Slovenia;21600.0;;;3.36;25.2;;
2009;Slovenia;19770.0;8.0;71.3;3.24;25.5;;
2010;Slovenia;19920.0;8.0;69.6;3.42;24.9;;
2011;Slovenia;20010.0;8.0;67.8;3.46;24.7;19.14;
2012;Slovenia;19390.0;10.1;67.7;3.44;24.8;20.22;
2013;Slovenia;19210.0;11.0;66.6;3.6;24.4;22.48;
2014;Slovenia;19720.0;11.0;67.2;3.7;24.1;22.91;16.66047
2015;Slovenia;20170.0;10.5;68.5;3.6;24.4;21.38;16.85022
2016;Slovenia;20770.0;9.3;69.5;3.56;24.4;20.96;17.73432
2017;Slovenia;21830.0;7.9;72.8;3.42;24.8;19.71;17.81851
2018;Slovenia;22720.0;7.5;74.8;3.38;25.0;20.63;17.65556
2019;Slovenia;23330.0;7.5;75.8;3.39;24.9;20.86;17.13171
2020;Slovenia;22230.0;7.9;74.7;3.32;25.0;22.7;15.90349
2021;Slovenia;24040.0;7.4;76.0;3.24;25.4;23.39;16.04933
2022;Slovenia;24660.0;8.5;77.8;3.28;25.2;19.98;15.55767
2023;Slovenia;25120.0;7.8;77.4;3.34;25.1;;14.80443
2024;Slovenia;25480.0;7.7;78.2;3.42;24.7;;
2000;Spain;22930.0;;;;20.0;;
2001;Spain;23700.0;;;;20.0;;
2002;Spain;23970.0;;;;;;
2003;Spain;24220.0;;;;;;
2004;Spain;24590.0;;;5.23;20.3;;
2005;Spain;25000.0;;;5.55;19.8;;
2006;Spain;25600.0;;;5.52;19.8;;
2007;Spain;25990.0;;;5.48;19.9;;
2008;Spain;25760.0;;;5.59;19.8;;
2009;Spain;24590.0;19.9;63.9;5.87;19.5;;
2010;Spain;24510.0;20.0;62.8;6.16;19.2;;
2011;Spain;24260.0;20.6;61.9;6.28;18.9;14.72;
2012;Spain;23560.0;22.2;59.6;6.47;18.7;15.75;
2013;Spain;23310.0;22.5;58.6;6.29;18.9;16.91;
2014;Spain;23730.0;20.7;59.9;6.81;18.2;17.32;320.36287
2015;Spain;24720.0;19.4;62.0;6.87;18.2;16.3;331.96498
2016;Spain;25420.0;18.1;63.9;6.6;18.4;16.71;320.39049
2017;Spain;26110.0;16.4;65.5;6.59;18.5;15.18;333.28375
2018;Spain;26620.0;15.3;67.0;6.03;19.1;16.9;327.57742
2019;Spain;26930.0;14.9;68.0;5.94;19.3;16.68;308.89405
2020;Spain;23850.0;17.3;65.7;5.77;19.5;19.34;269.80325
2021;Spain;25440.0;14.2;67.5;6.19;19.1;18.96;287.56863
2022;Spain;26820.0;12.7;69.3;5.63;19.8;18.18;292.2969
2023;Spain;27150.0;12.3;70.5;5.5;20.1;;269.96764
2024;Spain;27800.0;12.0;71.4;5.39;20.3;;
2000;Sweden;37180.0;;;;;;
2001;Sweden;37580.0;;;;;;
2002;Sweden;38310.0;;;;;;
2003;Sweden;38890.0;;;;;;
2004;Sweden;40360.0;;;3.31;25.2;;
2005;Sweden;41330.0;;;3.33;25.4;;
2006;Sweden;42990.0;;;3.58;24.6;;
2007;Sweden;44080.0;;;3.35;25.2;;
2008;Sweden;43330.0;;;3.7;24.0;;
2009;Sweden;41130.0;9.5;77.9;3.96;23.4;;
2010;Sweden;43130.0;8.0;77.7;3.85;23.6;;
2011;Sweden;44150.0;7.6;79.0;3.95;23.3;45.43;
2012;Sweden;43650.0;8.1;79.1;3.98;23.2;48.29;
2013;Sweden;43770.0;7.6;79.4;3.97;23.3;47.27;
2014;Sweden;44330.0;7.5;79.6;4.15;22.9;48.61;53.48192
2015;Sweden;45790.0;7.1;80.1;4.06;22.9;51.91;53.28369
2016;Sweden;46220.0;6.7;80.8;4.25;22.6;50.97;53.19826
2017;Sweden;46420.0;6.5;81.4;4.27;22.5;51.85;52.29434
2018;Sweden;46700.0;6.5;82.0;4.13;22.8;51.51;51.43433
2019;Sweden;47410.0;5.9;81.7;4.33;22.4;52.69;50.19645
2020;Sweden;46180.0;6.9;80.2;4.12;22.8;57.63;45.98193
2021;Sweden;48300.0;6.1;80.4;4.04;22.9;57.72;47.72178
2022;Sweden;48390.0;5.6;82.0;4.34;22.4;59.65;44.20169
2023;Sweden;47960.0;5.7;82.6;4.73;21.8;;44.38597
2024;Sweden;48210.0;6.3;81.9;4.34;22.5;;
1990;Switzerland;;;;;;;100.0
1991;Switzerland;;;;;;;103.3229813391
1992;Switzerland;;;;;;;102.842482033
1993;Switzerland;;;;;;;98.173324855
1994;Switzerland;;;;;;;96.2021681194
1995;Switzerland;;;;;;;97.8140413463
1996;Switzerland;;;;;;;98.8661716283
1997;Switzerland;;;;;;;96.6908007747
1998;Switzerland;;;;;;;99.4572060024
1999;Switzerland;;;;;;;99.0624169363
2000;Switzerland;65020.0;;;;;;97.8667966784
2001;Switzerland;65720.0;;;;;;100.6043524416
2002;Switzerland;65210.0;;;;;;97.7563888013
2003;Switzerland;64720.0;;;;;;99.6263769146
2004;Switzerland;66020.0;;;;;;100.6893849668
2005;Switzerland;67440.0;;;;;;101.916324689
2006;Switzerland;69750.0;;;;;;101.2288934275
2007;Switzerland;71840.0;;;4.71;21.6;;97.7805657921
2008;Switzerland;72990.0;;;4.86;21.2;;100.2609117914
2009;Switzerland;70520.0;;;4.76;21.4;;97.5818058016
2010;Switzerland;72250.0;8.1;79.7;4.48;21.9;;100.476430288
2011;Switzerland;72900.0;8.0;80.7;4.52;21.9;20.56;92.9623662235
2012;Switzerland;72960.0;7.7;81.0;4.4;22.2;21.87;95.4621006064
2013;Switzerland;73420.0;8.0;80.8;4.22;22.6;21.82;96.9538432371
2014;Switzerland;74230.0;7.7;81.1;4.42;22.2;22.19;89.8102553495
2015;Switzerland;74530.0;7.3;81.7;4.48;22.1;23.93;88.8822632685
2016;Switzerland;75260.0;7.5;82.0;4.42;22.1;24.08;89.5255079595
2017;Switzerland;75580.0;7.2;82.1;4.63;21.9;24.97;87.9052609991
2018;Switzerland;77180.0;6.6;82.5;4.5;22.0;24.18;85.0959715641
2019;Switzerland;77510.0;6.2;82.9;4.75;21.5;24.75;84.6552511554
2020;Switzerland;75280.0;6.3;82.5;4.89;21.3;26.34;79.9001821857
2021;Switzerland;78880.0;;82.0;4.86;21.2;27.67;82.2811214682
2022;Switzerland;80600.0;;82.4;4.77;21.4;26.22;75.8359048914
2023;Switzerland;79940.0;7.7;83.1;4.94;21.1;;73.9392479905
2024;Switzerland;80080.0;9.0;83.0;4.81;21.3;;
